{
    "all_attributes": {
        "0": {
            "label": "Sumario de valores normalizados por partida",
            "media": 1209.354107053,
            "desvio": 939.1102928562,
            "coef_var": 0.7765387221,
            "min": 10.370484,
            "max": 10898.4
        },
        "1": {
            "label": "Antes da poda de outliers com normalizacao min-max",
            "media": 0.163014678,
            "desvio": 0.0828768851,
            "coef_var": 0.5084013668,
            "min": 0.0,
            "max": 1.0
        },
        "2": {
            "label": "Depois da poda de outliers com normalizacao min-max",
            "media": 0.1523716725,
            "desvio": 0.0658827237,
            "coef_var": 0.4323817056,
            "min": 0.0,
            "max": 0.3286101325
        },
        "3": {
            "label": "Antes da poda de outliers com normalizacao por partidas e min-max",
            "media": 0.1101194317,
            "desvio": 0.08625163,
            "coef_var": 0.7832553129,
            "min": 0.0,
            "max": 1.0
        },
        "4": {
            "label": "Depois da poda de outliers com normalizacao por partidas e min-max",
            "media": 0.0975523206,
            "desvio": 0.0639216923,
            "coef_var": 0.655255476,
            "min": 0.0,
            "max": 0.2825483837
        }
    },
    "assists": {
        "0": {
            "label": "Sumario de valores normalizados por partida",
            "media": 10.1330816658,
            "desvio": 3.062749154,
            "coef_var": 0.3022524889,
            "min": 0.0,
            "max": 26.2
        },
        "1": {
            "label": "Antes da poda de outliers com normalizacao min-max",
            "media": 0.0275901117,
            "desvio": 0.0605091845,
            "coef_var": 2.193147498,
            "min": 0.0,
            "max": 1.0
        },
        "2": {
            "label": "Depois da poda de outliers com normalizacao min-max",
            "media": 0.0196106871,
            "desvio": 0.0199784571,
            "coef_var": 1.0187535484,
            "min": 0.0,
            "max": 0.1484848485
        },
        "3": {
            "label": "Antes da poda de outliers com normalizacao por partidas e min-max",
            "media": 0.3867588422,
            "desvio": 0.1168988227,
            "coef_var": 0.3022524889,
            "min": 0.0,
            "max": 1.0
        },
        "4": {
            "label": "Depois da poda de outliers com normalizacao por partidas e min-max",
            "media": 0.3831967522,
            "desvio": 0.0982270192,
            "coef_var": 0.2563357299,
            "min": 0.1569126378,
            "max": 0.6202290076
        }
    },
    "deaths": {
        "0": {
            "label": "Sumario de valores normalizados por partida",
            "media": 5.2154380631,
            "desvio": 1.7248777427,
            "coef_var": 0.3307253814,
            "min": 0.0,
            "max": 28.2
        },
        "1": {
            "label": "Antes da poda de outliers com normalizacao min-max",
            "media": 0.0318586943,
            "desvio": 0.065124727,
            "coef_var": 2.04417439,
            "min": 0.0,
            "max": 1.0
        },
        "2": {
            "label": "Depois da poda de outliers com normalizacao min-max",
            "media": 0.022968395,
            "desvio": 0.0214442096,
            "coef_var": 0.9336398834,
            "min": 0.0,
            "max": 0.1615358008
        },
        "3": {
            "label": "Antes da poda de outliers com normalizacao por partidas e min-max",
            "media": 0.1849446122,
            "desvio": 0.0611658774,
            "coef_var": 0.3307253814,
            "min": 0.0,
            "max": 1.0
        },
        "4": {
            "label": "Depois da poda de outliers com normalizacao por partidas e min-max",
            "media": 0.1800810568,
            "desvio": 0.0504837227,
            "coef_var": 0.2803388852,
            "min": 0.0627386798,
            "max": 0.3069592199
        }
    },
    "denies": {
        "0": {
            "label": "Sumario de valores normalizados por partida",
            "media": 6.3525803305,
            "desvio": 5.2540111366,
            "coef_var": 0.8270672488,
            "min": 0.0,
            "max": 40.4545454545
        },
        "1": {
            "label": "Antes da poda de outliers com normalizacao min-max",
            "media": 0.0152597202,
            "desvio": 0.0429271788,
            "coef_var": 2.8131039302,
            "min": 0.0,
            "max": 1.0
        },
        "2": {
            "label": "Depois da poda de outliers com normalizacao min-max",
            "media": 0.0106768487,
            "desvio": 0.0139223456,
            "coef_var": 1.3039751722,
            "min": 0.0,
            "max": 0.1009117023
        },
        "3": {
            "label": "Antes da poda de outliers com normalizacao por partidas e min-max",
            "media": 0.1570300756,
            "desvio": 0.1298744326,
            "coef_var": 0.8270672488,
            "min": 0.0,
            "max": 1.0
        },
        "4": {
            "label": "Depois da poda de outliers com normalizacao por partidas e min-max",
            "media": 0.1394937313,
            "desvio": 0.1037609192,
            "coef_var": 0.7438392982,
            "min": 0.0,
            "max": 0.4166934189
        }
    },
    "gpm": {
        "0": {
            "label": "Sumario de valores normalizados por partida",
            "media": 378.118403327,
            "desvio": 276.8800503813,
            "coef_var": 0.7322575361,
            "min": 135.8,
            "max": 24128.5
        },
        "1": {
            "label": "Antes da poda de outliers com normalizacao min-max",
            "media": 0.0232718121,
            "desvio": 0.06047592,
            "coef_var": 2.5986768721,
            "min": 0.0,
            "max": 1.0
        },
        "2": {
            "label": "Depois da poda de outliers com normalizacao min-max",
            "media": 0.0154859727,
            "desvio": 0.0192919147,
            "coef_var": 1.2457670659,
            "min": 0.0,
            "max": 0.1437400375
        },
        "3": {
            "label": "Antes da poda de outliers com normalizacao por partidas e min-max",
            "media": 0.0100996721,
            "desvio": 0.0115401789,
            "coef_var": 1.142629064,
            "min": 0.0,
            "max": 1.0
        },
        "4": {
            "label": "Depois da poda de outliers com normalizacao por partidas e min-max",
            "media": 0.0098310828,
            "desvio": 0.0044622922,
            "coef_var": 0.45389631,
            "min": 0.0,
            "max": 0.0314929124
        }
    },
    "hero_damage": {
        "0": {
            "label": "Sumario de valores normalizados por partida",
            "media": 10303.1992994115,
            "desvio": 5200.7282586391,
            "coef_var": 0.5047682868,
            "min": 70.641509434,
            "max": 50682.0
        },
        "1": {
            "label": "Antes da poda de outliers com normalizacao min-max",
            "media": 0.024073864,
            "desvio": 0.0556575391,
            "coef_var": 2.3119487168,
            "min": 0.0,
            "max": 1.0
        },
        "2": {
            "label": "Depois da poda de outliers com normalizacao min-max",
            "media": 0.0170086645,
            "desvio": 0.0188106124,
            "coef_var": 1.1059429411,
            "min": 0.0,
            "max": 0.1349138906
        },
        "3": {
            "label": "Antes da poda de outliers com normalizacao por partidas e min-max",
            "media": 0.2021790779,
            "desvio": 0.1027581241,
            "coef_var": 0.5082530063,
            "min": 0.0,
            "max": 1.0
        },
        "4": {
            "label": "Depois da poda de outliers com normalizacao por partidas e min-max",